INSERT INTO type(id, name)
VALUES (-1, 'common'),
       (-2, 'receipt'),
       (-3, 'special');

INSERT INTO role(id, name)
VALUES (-1, 'пользователь'),
       (-2, 'врач'),
       (-3, 'фармацефт');

INSERT INTO speciality(id, name)
VALUES (-10, 'терапевт'),
       (-9, 'кардиолог'),
       (-8, 'невролог'),
       (-7, 'педиатр'),
       (-6, 'дерматолог'),
       (-5, 'офтальмолог'),
       (-4, 'оториноларинголог'),
       (-3, 'хирург'),
       (-2, 'ортопед'),
       (-1, 'акушер-гинеколог'),
       (-11, 'гастроэнтеролог'),
       (-12, 'уролог'),
       (-13, 'гематолог'),
       (-14, 'онколог');

INSERT INTO pharmacy (id, name, address, work_time, phone)
VALUES (-15, 'Аптека "Здоровье',
        'ул. Ленина, 10',
        'Пн-Пт: 9:00-18:00, Сб: 10:00-15:00',
        '+7 (123) 456-7890'),
       (-14, 'Аптека "Фармация"', 'пр. Победы, 25',
        'Пн-Вс: 8:00-22:00',
        '+7 (987) 654-3210'),
       (-13,
        'Аптека "Здоровый выбор"',
        'ул. Советская, 5а',
        'Пн-Сб: 9:30-19:00',
        '+7 (555) 123-4567'),
       (-12,
        'Аптека "Лекарство"',
        'пр. Мира, 15',
        'Ежедневно: 8:00-20:00',
        '+7 (111) 222-3333'),
       (-11, 'Аптека "Здравствуйте"',
        'ул. Гагарина, 7',
        'Пн-Сб: 10:00-18:00',
        '+7 (999) 888-7777'),
       (-10, 'Аптека "Здоровый мир"',
        'пр. Ленинского Комсомола, 20',
        'Пн-Вс: 24 часа',
        '+7 (777) 666-5555'),
       (-9, 'Аптека "Фармацевтика"',
        'ул. Пушкина, 12',
        'Пн-Пт: 8:30-17:30, Сб: 9:00-14:00',
        '+7 (333) 444-5555'),
       (-8, 'Аптека "Здоровье и Красота"',
        'пр. Гагарина, 21',
        'Пн-Вс: 9:00-21:00',
        '+7 (222) 333-4444'),
       (-7, 'Аптека "Лекарства России"',
        'ул. Садовая, 8',
        'Пн-Сб: 8:00-19:00',
        '+7 (555) 111-2222'),
       (-6, 'Аптека "Здоровье и Здравомыслие"',
        'пр. Пушкина, 3',
        'Ежедневно: 10:00-22:00',
        '+7 (444) 555-6666'),
       (-5, 'Аптека "Фарма"',
        'ул. Мира, 18',
        'Пн-Сб: 9:00-18:00',
        '+7 (111) 222-3333'),
       (-4, 'Аптека "Здоровье и Спорт"',
        'пр. Ленина, 30',
        'Пн-Пт: 8:00-20:00',
        '+7 (555) 444-3333'),
       (-3, 'Аптека "Здравый выбор"',
        'ул. Советская, 20',
        'Пн-Сб: 9:30-19:00',
        '+7 (999) 777-8888')
        ,
       (-2, 'Аптека "Лекарство - плюс"',
        'пр. Мира, 10',
        'Ежедневно: 8:00-22:00',
        '+7 (123) 456-7890'),
       (-1, 'Аптека "Здоровые лекарства"',
        'ул. Гагарина, 5',
        'Пн-Сб: 10:00-18:00',
        '+7 (987) 654-3210'),
       (-16, 'Аптека "Здравый мир"',
        'пр. Ленинского Комсомола, 15',
        'Пн-Вс: 24 часа',
        '+7 (555) 123-4567'),
       (-17, 'Аптека "Фармацевт"',
        'ул. Пушкина, 10',
        'Пн-Пт: 8:30-17:30, Сб: 9:00-14:00',
        '+7 (111) 222-3333'),
       (-18, 'Аптека "Здоровье без границ"',
        'пр. Гагарина, 20',
        'Пн-Вс: 9:00-21:00',
        '+7 (777) 666-5555'),
       (-19, 'Аптека "Лекарный мир"',
        'ул. Садовая, 5',
        'Пн-Сб: 8:00-19:00',
        '+7 (333) 444-5555'),
       (-20,
        'Аптека "Здоровье всем"',
        'пр. Пушкина, 1',
        'Ежедневно: 10:00-22:00',
        '+7 (222) 333-4444');

INSERT INTO item (info, price, id, speciality_id, type_id, manufacturer, name, picture_url)
VALUES ('Способ применения: Применяется внутрь. Дозировка: По 1 таблетке 1 раз в сутки, утром, независимо от приема пищи. Действующее вещество: Фабомотизол',
        650, -1, NULL, -1, 'Фармстандарт-Лексредства, Россия',
        'Афобазол Ретард таблетки с пролонг высвобождением покрыт.плен.об. 30 мг 20 шт',
        'https://f003.backblazeb2.com/file/propill/afobazol_20.jpg'),
       ('Способ применения: Применяется внутрь, после еды. Дозировка: Оптимальные разовые дозы - 10 мг; суточные - 30 мг, распределенные на 3 приема в течение дня. Действующее вещество: Фабомотизол',
        496, -2, NULL, -1, 'Фармстандарт-Лексредства, Россия', 'Афобазол таблетки 10 мг 60 шт',
        'https://f003.backblazeb2.com/file/propill/afobazol_60.jpg'),
       ('Способ применения: Рекомендуется закапывать Артелак Баланс в конъюнктивальный мешок каждого глаза. Дозировка: по 1 капле от 3 до 5 раз в день или, если это необходимо, чаще. Действующее вещество: Гиалуроновая кислота',
        769, -3, -5, -3, ' Др. Герхард Манн ХФП, Германия',
        'Артелак Баланс раствор офтальмологический увлажняющий 10 мл 1 шт',
        'https://f003.backblazeb2.com/file/propill/artelak_balans.jpg'),
       ('Способ применения: Вводится. Дозировка:Для купирования острых болей при язве желудка и 12-перстной кишки и панкреатите, почечных, печеночных колик и др. Действующее вещество: Атропин',
        1000, -4, -4, -3, 'Московский Эндокринный Завод, Россия',
        'Атропин раствор для инъекций 1 мг/мл 1 мл 5 шт',
        'https://f003.backblazeb2.com/file/propill/atropin.jpg'),
       ('Способ применения: Применяется внутрь. Дозировка:Голдлайн Плюс принимается по одной капсуле в день в первую половину дня. Лечение начинают с меньшей дозировки 10 мг.  Действующее вещество: сибутрамина Гидрохлорида моногидрат',
        2745, -5, NULL, -2, 'Изварино Фарма, Россия',
        'Голдлайн Плюс капсулы 15 мг+153,5 мг 30 шт',
        'https://f003.backblazeb2.com/file/propill/goldline.jpg'),
       ('Способ применения: Наружно. Дозировка: Смазывают пораженные или подлежащие обработке участки кожи. Действующее вещество: Йод',
        209, -6, NULL, -1, 'Обновление ПФК АО, Россия',
        'Йод раствор для наружного применения 5 % фл 25 мл 1 шт',
        'https://f003.backblazeb2.com/file/propill/iod.jpg'),
       ('Способ применения: Внутрь. Дозировка: При нарушении сна - по 3 мг один раз в сутки за 30-40 минут до сна. Действующее вещество: Мелатонин',
        452, -7, NULL, -1, 'Эвалар, Россия',
        'Мелатонин Эвалар таблетки покрыт.плен.об. 3 мг 40 шт',
        'https://f003.backblazeb2.com/file/propill/melatonin.jpg'),
       ('Способ применения: Внутрь, до приема пищи. Дозировка: Стабильная стенокардия, хроническая сердечная недостаточность - в составе комплексной терапии по 500-1000 мг в день, применяя всю дозу сразу или деля ее на 2 раза. Действующее вещество: Мельдоний',
        789, -8, NULL, -1, 'Фармстандарт-Лексредства, Россия',
        'Мельдоний капсулы 500 мг 60 шт',
        'https://f003.backblazeb2.com/file/propill/meldonii.jpg'),
       ('Способ применения: Внутрь. Дозировка: При нарушении сна - по 3 мг один раз в сутки за 30-40 минут до сна. Действующее вещество: Метотрексат',
        1002, -9, -14, -3, 'Онкотек Фарма Продакшн ГмбХ, Германия',
        'Методжект раствор для п/к введ 50 мг/мл 0,25 мл шприцы 1 шт',
        'https://f003.backblazeb2.com/file/propill/metoject.jpg'),
       ('Способ применения: Внутрь. Действующее вещество: Бензилдиметил 3-(миристоиламино) пропиламмоний хлорид моногидрат',
        359, -10, NULL, -1, 'Инфамед К, Россия',
        'Мирамистин раствор для местного применения 0,01 % 50 мл 1 шт',
        'https://f003.backblazeb2.com/file/propill/miramistin.jpg'),
       ('Способ применения: В виде инфузий. Дозировка: Во избежание тяжелых реакций гиперчувствительности всем пациентам следует проводить премедикацию глюкокортикостероидами, блокаторами Н1- и H2-гистаминовых рецепторов. Действующее вещество: Паклитаксел',
        2460, -11, NULL, -1, 'Фармахеми Б.В., Нидерланды',
        'Паклитаксел-Тева концентрат д/приг раствора для инфузий 6 мг/мл 16,7 мл фл 1 шт',
        'https://f003.backblazeb2.com/file/propill/paklitaksel_teva.jpg'),
       ('Способ применения: Внутрь, до приема пищи. Дозировка: Принимать взрослым 2 раза в день во время еды по 1 таблетке. Действующее вещество: Метилсульфонилметан',
        599, -12, NULL, -1, 'Грин Сайд ООО, Россия',
        'PILULI Кожа волосы ногти Коллаген Биотин МСМ таблетки массой 1200 мг 30 шт',
        'https://f003.backblazeb2.com/file/propill/piluli.jpg'),
       ('Способ применения: Внутрь, до приема пищи. Дозировка: Принимать взрослым 2 раза в день во время еды по 1 таблетке. Действующее вещество: Рыбий жир пищевой',
        299, -13, NULL, -1, 'Мелиген ФП ЗАО, Россия',
        'PILULI Детский рыбий жир Kids Fish Oil капсулы по 0,2 г 120 шт',
        'https://f003.backblazeb2.com/file/propill/piluli_fish.jpg'),
       ('Способ применения: Внутрь. Действующее вещество: Ритуксимаб',
        7557, -14, NULL, -1, 'Р-Фарм АО, Россия',
        'Реддитукс конц. для пригот. р-ра для инфузий 10 мг/мл 10 мл флакон 1 шт.',
        'https://f003.backblazeb2.com/file/propill/redditux.jpg'),
       ('Способ применения: Местно. Дозировка: При катаракте – по 1-2 капли 2-4 раза в день в течение 3 месяцев.  Действующее вещество: Таурин',
        194, -15, NULL, -1, 'Гротекс ООО, Россия',
        'Таустин капли глазные 4 % 10 мл 1 шт',
        'https://f003.backblazeb2.com/file/propill/taustin.jpg'),
       ('Способ применения: Внутрь. Дозировка: По одному пакетику каждые 4–6 часов, по мере необходимости, но не более 4 доз в течение 24 часов.  Действующее вещество: Парацетамол',
        679, -16, NULL, -1, 'ГСК Консьюмер Хелс Инк, США',
        'ТераФлю от гриппа и простуды порошок д/приг раствора д/приема внутрь 10 шт',
        'https://f003.backblazeb2.com/file/propill/teraflu.jpg'),
       ('Способ применения: Местно. Действующее вещество: Лютеим',
        989, -17, NULL, -1, 'Curtis Health Caps Sp. z o.o., Польша',
        'Визлея капсулы желатиновые массой 810 мг 30 шт',
        'https://f003.backblazeb2.com/file/propill/vizlea.jpg'),
       ('Способ применения: Местно. Действующее вещество: Тетризолин',
        368, -18, NULL, -1, 'Диафарм, Россия',
        'Визокко капли глазные 0,5 мг/мл фл-кап 10 мл 1 шт',
        'https://f003.backblazeb2.com/file/propill/vizokko.jpg'),
       ('Способ применения: Внутрь. Дозировка: Один раз в сутки утром или вечером, вне зависимости от приема пищи.Действующее вещество: Сертралин',
        310, -19, NULL, -2, 'Пфайзер Мэнюфэкчуринг Дойчленд ГмбХ, Германия',
        'Золофт таблетки покрыт.плен.об. 50 мг 28 шт',
        'https://f003.backblazeb2.com/file/propill/zoloft.jpg'),
       ('Способ применения: Внутрь. Дозировка: Один раз в сутки утром или вечером, вне зависимости от приема пищи.Действующее вещество: Сертралин',
        3100, -20, NULL, -1, 'Пфайзер Мэнюфэкчуринг Дойчленд ГмбХ, Германия',
        'факиншит таблетки покрыт.плен.об. 50 мг 28 шт',
        'https://f003.backblazeb2.com/file/propill/ficking_shit.jpg'),
       ('Способ применения: Внутрь. Дозировка: Один раз в сутки утром или вечером, вне зависимости от приема пищи.Действующее вещество: Сертралин',
        228, -21, NULL, -1, 'Пфайзер Мэнюфэкчуринг Дойчленд ГмбХ, Германия',
        'Недопсин таблетки покрыт.плен.об. 100 мг 500 шт',
        'https://f003.backblazeb2.com/file/propill/nedobsin.png'),
       ('Способ применения: Внутрь. Дозировка: Один раз в сутки утром или вечером, вне зависимости от приема пищи.Действующее вещество: Сертралин',
        100500, -22, NULL, -1, 'Пфайзер Мэнюфэкчуринг Дойчленд ГмбХ, Германия',
        'Пофигин таблетки покрыт.плен.об. 100 мг 5 шт',
        'https://f003.backblazeb2.com/file/propill/pofigin.png'),
       ('Способ применения: Внутрь. Дозировка: Один раз в сутки утром или вечером, вне зависимости от приема пищи.Действующее вещество: Сертралин',
        104, -23, NULL, -1, 'Пфайзер Мэнюфэкчуринг Дойчленд ГмбХ, Германия',
        'Фсемработатьблянах таблетки покрыт.плен.об. 100 мг 25 шт',
        'https://f003.backblazeb2.com/file/propill/vsem_rabotat.jpg'),
       ('Способ применения: Внутрь. Дозировка: Один раз в сутки утром или вечером, вне зависимости от приема пищи.Действующее вещество: Сертралин',
        1000, -24, NULL, -1, 'Пфайзер Мэнюфэкчуринг Дойчленд ГмбХ, Германия',
        'Антиникитин таблетки покрыт.плен.об. 100 мг 25 шт',
        'https://f003.backblazeb2.com/file/propill/antinikitin.jpg');

INSERT INTO pharmacy_to_item (quantity, id, item_id, pharmacy_id)
VALUES (10, -1, -1, -1),
       (10, -2, -1, -2),
       (1, -3, -1, -3),
       (1, -4, -1, -5),
       (5, -5, -1, -15),
       (101, -6, -2, -4),
       (10, -7, -2, -3),
       (1, -8, -2, -6),
       (1, -9, -3, -7),
       (1, -10, -3, -11),
       (1, -11, -3, -12),
       (1, -12, -3, -13),
       (1, -13, -3, -14),
       (1, -14, -3, -15),
       (100500, -15, -3, -16),
       (10, -16, -4, -11),
       (2, -17, -5, -12),
       (3, -18, -5, -13),
       (4, -19, -5, -14),
       (5, -20, -6, -15),
       (6, -21, -6, -16),
       (1, -22, -7, -20),
       (1, -23, -7, -19),
       (1, -24, -8, -13),
       (1, -25, -9, -15),
       (2, -26, -10, -12),
       (3, -27, -10, -13),
       (4, -28, -10, -14),
       (5, -29, -10, -15),
       (6, -30, -11, -16),
       (1, -31, -11, -20),
       (1, -32, -11, -19),
       (1, -33, -11, -13),
       (1, -34, -12, -15),
       (3, -35, -13, -3),
       (4, -36, -13, -4),
       (5, -37, -13, -5),
       (6, -38, -14, -6),
       (1, -39, -14, -2),
       (1, -40, -15, -9),
       (1, -41, -15, -3),
       (1, -42, -15, -5),
       (6, -43, -16, -16),
       (1, -44, -16, -20),
       (1, -45, -17, -19),
       (1, -46, -17, -13),
       (1, -47, -17, -15),
       (3, -48, -18, -3),
       (4, -49, -18, -4),
       (5, -50, -19, -5),
       (5, -51, -20, -5);

CREATE EXTENSION pgcrypto;
INSERT INTO user_account (id, full_name, password_hash, phone, role_id, speciality_id)
VALUES (-1, 'Иванов Иван Иванович', digest('123456', 'sha256'), '+79260567450', -1, NULL),
       (-2, 'Глазов Степан Фёдорович', digest('654321', 'sha256'), '+79310367450', -2, -5),
       (-3, 'Главный Пётр Петрович', digest('12345', 'sha256'), '+79510367450', -3, NULL);

INSERT INTO orders (creation_date, delivery_date, sum_price, id, pharmacy_id, user_id)
VALUES ('2024-01-11', '2024-01-16', 100500, -1, -1, -1),
       ('2024-01-07', '2024-01-10', 333, -2, -20, -1),
       ('2022-01-07', '2022-01-10', 333, -3, -20, -1),
       ('2023-01-07', '2023-01-10', 333, -4, -20, -2);

INSERT INTO order_to_item (quantity, id, item_id, order_id)
VALUES (1, -1, -1, -1),
       (4, -2, -2, -2),
       (3, -3, -3, -3),
       (10, -4, -4, -4);

INSERT INTO cart (id, user_id)
VALUES (-1, -1),
       (-2, -2),
       (-3, -3);

INSERT INTO cart_to_item (quantity, cart_id, id, item_id)
VALUES (2, -1, -1, -1),
       (1, -1, -2, -2),
       (1, -1, -3, -20);
